{
    "accuracy: ": 0.65,
    "precision : ": 0.42857142857142855,
    "recall : ": 0.5,
    "f1_score : ": 0.46153846153846156
}
